alpha_dm,gamma,mu_ratio,stress,fd,old_mu,old_stress
0.0,0.0,1.0,1.0,0.0,1.0,1.0
0.004,-0.002004008001349201,0.9999979919819827,0.999996000016064,4.016031940894296e-06,0.999997999998,0.999996
0.008,-0.004016063996824884,0.9999919357114962,0.9999840002580519,1.6128509893566116e-05,0.9999919999679997,0.999984
0.012,-0.006036215984074293,0.9999817825381808,0.9999640013115975,3.6434575879706576e-05,0.9999819998379971,0.999964
0.016,-0.008064511933371774,0.9999674833760017,0.9999360041617895,6.503212327138832e-05,0.9999679994879836,0.999936
0.02,-0.010100999795118767,0.9999489887014836,0.9999000102009585,0.0001020197877619603,0.9999499987499375,0.9999
0.024,-0.012145727487012615,0.9999262485520461,0.9998560212365005,0.00014749693763284233,0.9999279974078134,0.999856
0.028,-0.01419874288608754,0.9998992125244097,0.9998040394987348,0.00020156366344403913,0.9999019951975293,0.999804
0.032,-0.016260093816956603,0.9998678297731047,0.9997440676487935,0.00026432076699658817,0.9998719918069512,0.999744
0.036000000000000004,-0.018329828046460543,0.999832049009025,0.9996761087865402,0.0003358697498222769,0.9998379868758738,0.999676
0.04,-0.020407993270925264,0.9997918184981175,0.9996001664585091,0.0004163128008141438,0.999799979995999,0.9996
0.044,-0.022494637108205658,0.9997470860601273,0.9995162446658687,0.0005057527833221457,0.9997579707109115,0.999516
0.048,-0.02458980708674322,0.9996977990674616,0.9994243478723995,0.0006042932214623762,0.9997119585160518,0.999424
0.052000000000000005,-0.026693550635720535,0.9996439044441416,0.9993244810124843,0.0007120382857617976,0.9996619428586846,0.999324
0.056,-0.028805915074007392,0.9995853486648669,0.9992166494991065,0.0008290927780293492,0.9996079231378671,0.999216
0.06,-0.03092694759948238,0.9995220777541813,0.9991008592318522,0.0009555621155072186,0.9995498987044118,0.9991
0.064,-0.03305669527790667,0.9994540372857519,0.9989771166049104,0.0010915523142506428,0.9994878688608482,0.998976
0.068,-0.035195205031005296,0.9993811723817724,0.9988454285150662,0.0012371699716906249,0.9994218328613799,0.998844
0.07200000000000001,-0.037342523625058216,0.999303427712473,0.9987058023696838,0.0013925222484449408,0.9993517899118408,0.998704
0.076,-0.0394986976585908,0.9992207474957663,0.9985582460946719,0.0015577168492736982,0.9992777391696465,0.998556
0.08,-0.04166377354995033,0.9991330754970178,0.9984027681424255,0.0017328620032102432,0.9991996797437437,0.9984
0.084,-0.04383779752464566,0.9990403550289487,0.9982393774997416,0.0019180664428458294,0.9991176106945568,0.998236
0.088,-0.04602081560214459,0.9989425289516819,0.9980680836956979,0.0021134393827257885,0.9990315310339308,0.998064
0.092,-0.048212873582629684,0.998839539672924,0.9978888968094928,0.002319090496882012,0.9989414397250722,0.997884
0.096,-0.050414017033123266,0.9987313291483028,0.9977018274782362,0.0025351298954347885,0.9988473356824856,0.997696
0.1,-0.05262429127359101,0.9986178388818483,0.9975068869046887,0.002761668100302385,0.998749217771909,0.9975
0.10400000000000001,-0.05484374136239041,0.9984990099266411,0.9973040868649362,0.0029988160199426986,0.9986470848102447,0.997296
0.108,-0.05707241208159836,0.9983747828856155,0.9970934397159991,0.0032466849231620495,0.998540935565488,0.997084
0.112,-0.059310347921954235,0.9982450979125335,0.9968749584033644,0.0035053864119511933,0.9984307687566525,0.996864
0.116,-0.06155759306733737,0.9981098947131315,0.9966486564684328,0.0037750323933221585,0.9983165830536924,0.996636
0.12,-0.06381419137906869,0.9979691125464439,0.9964145480558761,0.0040557350501639906,0.9981983770774224,0.9964
0.124,-0.06608018637960368,0.9978226902263153,0.9961726479208922,0.00434760681105152,0.9980761493994333,0.996156
0.128,-0.06835562123617463,0.9976705661230918,0.995922971436353,0.004650760319060621,0.997949898542006,0.995904
0.132,-0.0706405387437176,0.9975126781655195,0.995665534599832,0.004965308399492742,0.997819622978021,0.995644
0.136,-0.07293498130776041,0.9973489638428316,0.995400354040508,0.005291364026581933,0.9976853211308664,0.995376
0.14,-0.0752389909266624,0.9971793602070504,0.9951274470259296,0.005629040289091016,0.9975469913743412,0.9951
0.14400000000000002,-0.0775526091736318,0.997003803875496,0.9948468314686351,0.0059784503548410296,0.9974046320325568,0.994816
0.148,-0.07987587717827727,0.9968222310335164,0.9945585259326143,0.00633970743412837,0.9972582413798343,0.994524
0.152,-0.08220883560784048,0.9966345774374369,0.9942625496396051,0.006712924742039408,0.9971078176406,0.994224
0.156,-0.08455152464795129,0.9964407784177451,0.9939589224752127,0.007098215459627347,0.996953358989276,0.993916
0.16,-0.08690398398307993,0.9962407688825065,0.9936476649948387,0.007495692693968247,0.996794863550169,0.9936
0.164,-0.08926625277651198,0.9960344833210258,0.9933287984294121,0.007905469437058854,0.996632329397356,0.993276
0.168,-0.09163836964996766,0.9958218558077552,0.9930023446909095,0.008327658523566824,0.9964657545545658,0.992944
0.17200000000000001,-0.09402037266280446,0.9956028200064574,0.9926683263776502,0.008762372587415367,0.9962951369950573,0.992604
0.176,-0.09641229929080412,0.9953773091746312,0.992326766779358,0.009209724017194927,0.9961204746414963,0.992256
0.18,-0.09881418640459391,0.9951452561682014,0.991977689881975,0.009669824910404731,0.995941765365827,0.9919
0.184,-0.10122607024756888,0.9949065934464878,0.9916211203722131,0.010142787026493821,0.9957590069891409,0.991536
0.188,-0.10364798641351337,0.9946612530774496,0.9912570836418353,0.010628721738734376,0.9955721972815432,0.991164
0.192,-0.10607996982374313,0.9944091667432189,0.9908856057916476,0.011127739984890294,0.9953813339620148,0.990784
0.196,-0.10852205470380015,0.9941502657459318,0.9905067136351897,0.011639952216683402,0.9951864146982715,0.990396
0.2,-0.11097427455984053,0.9938844810138522,0.9901204347021147,0.012165468348085243,0.99498743710662,0.99
0.20400000000000001,-0.11343666215452194,0.9936117431078082,0.9897267972412367,0.012704397702394994,0.9947843987518099,0.989596
0.20800000000000002,-0.11590924948245757,0.9933319822279436,0.9893258302232354,0.013256848958117027,0.9945772971468834,0.989184
0.212,-0.11839206774537127,0.9930451282207821,0.9889175633430058,0.013822930093670789,0.9943661297530201,0.988764
0.216,-0.12088514732668329,0.9927511105866279,0.9885020270216304,0.014402748330876972,0.9941508939793797,0.988336
0.22,-0.12338851776580925,0.9924498584872937,0.9880792524079655,0.01499641007728757,0.9939315871829408,0.9879
0.224,-0.12590220773198474,0.9921413007541715,0.9876492713798233,0.015604020867324703,0.9937082066683358,0.987456
0.228,-0.12842624499768243,0.9918253658966502,0.9872121165447331,0.01622568530225064,0.9934807496876826,0.987004
0.232,-0.13096065641164173,0.9915019821108872,0.9867678212402672,0.0168615069889837,0.9932492134404134,0.986544
0.23600000000000002,-0.13350546787146758,0.9911710772889404,0.9863164195339131,0.017511588477760437,0.9930135950730986,0.986076
0.24,-0.13606070429585362,0.9908325790282656,0.9858579462224789,0.018176031198670537,0.9927738916792685,0.9856
0.244,-0.13862638959637236,0.9904864146415903,0.9853924368310103,0.01885493539706409,0.9925301002992302,0.985116
0.248,-0.1412025466489114,0.9901325111671633,0.984919927611208,0.019548400067867833,0.9922822179198819,0.984624
0.252,-0.1437891972646726,0.9897707953793946,0.9844404555393215,0.020256522888806226,0.9920302414745228,0.984124
0.256,-0.14638636216082032,0.9894011937998851,0.9839540583135088,0.02097940015256992,0.9917741678426597,0.983616
0.26,-0.14899406093074233,0.9890236327088547,0.9834607743506407,0.02171712669794352,0.9915139938498094,0.9831
0.264,-0.15161231201391767,0.9886380381569777,0.9829606427825313,0.02246979583991411,0.9912497162672986,0.982576
0.268,-0.15424113266545328,0.9882443359776246,0.9824537034515805,0.02323749929880354,0.9909813318120579,0.982044
0.272,-0.15688053892521436,0.9878424517995259,0.9819399969058075,0.02402032712843015,0.9907088371464141,0.981504
0.276,-0.1595305455866487,0.9874323110598516,0.9814195643932587,0.024818367643358312,0.9904322288778774,0.980956
0.28,-0.1621911661652458,0.9870138390177233,0.9808924478557736,0.02563170734525021,0.9901515035589251,0.9804
0.28400000000000003,-0.16486241286665254,0.986586960768157,0.9803586899220853,0.026460430848359355,0.9898666576867816,0.979836
0.28800000000000003,-0.16754429655448533,0.9861516012564442,0.9798183339002455,0.027304620804213635,0.989577687703194,0.979264
0.292,-0.1702368267178269,0.9857076852929758,0.97927142376935,0.028164357825522464,0.9892845899942039,0.978684
0.296,-0.17294001143841034,0.9852551375685138,0.978718004170548,0.02903972040934846,0.9889873608899155,0.978096
0.3,-0.17565385735752634,0.9847938826699153,0.9781581203973203,0.02993078485959729,0.9886859966642595,0.9775
0.304,-0.1783783696426375,0.9843238450963134,0.9775918183850035,0.030837625208864818,0.988380493534752,0.976896
0.308,-0.18111355195375786,0.9838449492757563,0.9770191446995491,0.0317603131397072,0.9880708476622514,0.976284
0.312,-0.1838594064095586,0.9833571195823132,0.9764401465254929,0.03269891790537004,0.9877570551507086,0.975664
0.316,-0.18661593355325617,0.9828602803536454,0.9758548716531243,0.03365350625004618,0.987439112046915,0.975036
0.32,-0.18938313231827306,0.9823543559090503,0.9752633684648332,0.03462414232871257,0.9871170143402453,0.9744
0.324,-0.19216099999371872,0.9818392705679745,0.9746656859206211,0.03561088762661784,0.986790757962396,0.973756
0.328,-0.19494953218967065,0.9813149486690068,0.9740618735427595,0.03661380087847189,0.9864603387871203,0.973104
0.332,-0.19774872280229439,0.9807813145893473,0.9734519813995769,0.03763293798741062,0.9861257526299574,0.972444
0.336,-0.20055856397883867,0.9802382927647528,0.9728360600883641,0.038668351943811796,0.9857869952479592,0.971776
0.34,-0.2033790460824824,0.9796858077099684,0.9722141607173764,0.03972009274401742,0.9854440623394105,0.9711
0.34400000000000003,-0.2062101576571075,0.9791237840396342,0.9715863348869241,0.04078820730905691,0.9850969495435462,0.970416
0.34800000000000003,-0.20905188539196765,0.9785521464896775,0.9709526346695316,0.041872739403428255,0.9847456524402634,0.969724
0.352,-0.21190421408632154,0.9779708199391853,0.9703131125891564,0.04297372955403422,0.9843901665498289,0.969024
0.356,-0.21476712661402908,0.9773797294327562,0.9696678215994521,0.04409121496934544,0.9840304873325826,0.968316
0.36,-0.21764060388813514,0.9767788002033342,0.9690168150610635,0.04522522945887505,0.983666610188635,0.9676
0.364,-0.220524624825483,0.9761679576955181,0.9683601467179442,0.04637580335305775,0.9832985304575614,0.966876
0.368,-0.2234191663113714,0.9755471275893489,0.9676978706726835,0.047542963423617586,0.9829262434180909,0.966144
0.372,-0.22632420316428278,0.974916235824568,0.9670300413608344,0.0487267328045156,0.9825497442877893,0.965404
0.376,-0.22923970810072594,0.9742752086253469,0.966356713524233,0.04992713091357701,0.9821690282227392,0.964656
0.38,-0.2321656517001971,0.9736239725254817,0.9656779421833024,0.05114417337488309,0.9817840903172143,0.9639
0.384,-0.2351020023703226,0.9729624543940489,0.9649937826083314,0.05237787194203882,0.9813949256033475,0.963136
0.388,-0.23804872631218735,0.9722905814615168,0.9643042902897261,0.053628234422404907,0.9810015290507961,0.962364
0.392,-0.2410057874858975,0.9716082813463074,0.9636095209072257,0.054895264602402134,0.9806038955664005,0.961584
0.396,-0.24397314757639743,0.9709154820818022,0.9629095302980811,0.05617896217398565,0.9802020199938378,0.960796
0.4,-0.2469507659595982,0.9702121121437838,0.9622043744241929,0.05747932266240366,0.9797958971132712,0.96
0.404,-0.2499385996688291,0.969498100478305,0.9614941093382082,0.058796337355337035,0.979385521640993,0.9591959999999999
0.40800000000000003,-0.2529366033616555,0.9687733765299796,0.960778791148576,0.0601299932335299,0.9789708882290628,0.958384
0.41200000000000003,-0.25594472928711093,0.968037870270682,0.9600584759835629,0.06148027290302488,0.97855199146494,0.957564
0.41600000000000004,-0.2589629272533697,0.9672915122286473,0.9593332199542322,0.06284715452910815,0.9781288258711119,0.956736
0.42,-0.2619911445959017,0.96653423351796,0.958603079116392,0.0642306117720754,0.9777013859047148,0.9559
0.424,-0.26502932614614416,0.9657659658684221,0.9578681094315141,0.06563061372492843,0.9772696659571503,0.955056
0.428,-0.2680774142007518,0.9649866416557832,0.9571283667266397,0.06704712485312347,0.9768336603536961,0.954204
0.432,-0.27113534849143284,0.9641961939323244,0.9563839066532718,0.06848010493646807,0.9763933633531109,0.953344
0.436,-0.2742030661554405,0.9633945564577786,0.9556347846452727,0.06992950901329147,0.9759487691472335,0.952476
0.44,-0.27728050170675045,0.9625816637305741,0.9548810558757771,0.071395287326995,0.9754998718605759,0.9516
0.444,-0.2803675870079676,0.9617574510193829,0.9541227752131327,0.07287738527509441,0.975046665549911,0.950716
0.448,-0.2834642512430116,0.9609218543949613,0.953359997175892,0.0743757433608682,0.9745891442038538,0.949824
0.452,-0.2865704208906117,0.9600748107622611,0.9525927758868659,0.07589029714771567,0.9741273017424366,0.948924
0.456,-0.2896860196986775,0.9592162578927954,0.9518211650262657,0.07742097721634497,0.9736611320166786,0.948016
0.46,-0.2928109686595681,0.9583461344572393,0.9510452177839532,0.07896770912488826,0.9731906288081488,0.9471
0.464,-0.29594518598631464,0.9574643800582452,0.9502649868108244,0.08053041337205555,0.9727157858285225,0.946176
0.468,-0.29908858708985286,0.9565709352634507,0.9494805241693534,0.0821090053634374,0.9722365967191319,0.945244
0.47200000000000003,-0.3022410845572861,0.955665741638661,0.9486918812833256,0.08370339538104722,0.9717530550505102,0.944304
0.47600000000000003,-0.3054025881312519,0.954748741781177,0.9478991088867912,0.085313488556217,0.9712651543219287,0.943356
0.48,-0.3085730046904162,0.953819879353252,0.9471022569722719,0.0869391848459342,0.9707728879609278,0.9424
0.484,-0.3117522382311613,0.9528790991156484,0.9463013747382567,0.0885803790127248,0.9702762493228411,0.941436
0.488,-0.3149401898504933,0.9519263469612709,0.945496510536024,0.0902369606081652,0.9697752316903129,0.940464
0.492,-0.31813675773023614,0.9509615699488496,0.9446877118158308,0.09190881396012283,0.9692698282728086,0.939484
0.496,-0.32134183712253966,0.9499847163366466,0.9438750250725092,0.09359581816380157,0.9687600322061186,0.938496
0.5,-0.3245553203367585,0.9489957356161591,0.9430584957905166,0.09529784707667976,0.9682458365518543,0.9375
0.504,-0.32777709672774813,0.9479945785457891,0.9422381683884865,0.09701476931741983,0.9677272342969376,0.936496
0.508,-0.3310070526856114,0.9469811971844512,0.9414140861633246,0.09874644826881615,0.9672042183530839,0.935484
0.512,-0.33424507162695316,0.9459555449250908,0.940586291233907,0.10049274208485803,0.9666767815562759,0.934464
0.516,-0.33749103398768,0.944917576528079,0.9397548244844306,0.10225350370196837,0.9661449166662318,0.933436
0.52,-0.3407448172173908,0.9438672481544536,0.9389197255074698,0.1040285808544782,0.9656086163658649,0.9324
0.524,-0.3440062957753952,0.9428045173989782,0.9380810325468016,0.10581781609438916,0.965067873260736,0.931356
0.528,-0.347275341128407,0.9417293433229816,0.9372387824400525,0.10762104681547437,0.9645226798784983,0.930304
0.532,-0.35055182174995586,0.9406416864869472,0.9363930105612362,0.10943810528176315,0.9639730286683337,0.929244
0.536,-0.35383560312154466,0.9395415089828204,0.9355437507632393,0.11126881866043914,0.9634189120003821,0.928176
0.54,-0.35712654773560126,0.9384287744659965,0.9346910353203239,0.11311300905918845,0.9628603221651623,0.9271
0.544,-0.3604245151002591,0.9373034481869578,0.9338348948707159,0.11497049356802093,0.9622972513729839,0.926016
0.548,-0.3637293617459994,0.9361654970225234,0.9329753583593445,0.11684108430558093,0.9617296917533533,0.924924
0.552,-0.3670409412341916,0.9350148895066769,0.9321124529808075,0.1187245884699598,0.9611576353543678,0.923824
0.556,-0.3703591041675627,0.9338515958609369,0.9312462041226347,0.1206208083940139,0.9605810741421049,0.922716
0.56,-0.37368369820262837,0.9326755880242334,0.9303766353089212,0.12252954160518631,0.96,0.9216
0.5640000000000001,-0.3770145680641114,0.9314868396822564,0.9295037681444097,0.12445058088982026,0.9594144047282175,0.920476
0.5680000000000001,-0.38035155556137834,0.9302853262962378,0.9286276222590973,0.12638371436195026,0.9588242800430118,0.9193439999999999
0.5720000000000001,-0.38369449960691393,0.9290710251311337,0.9277482152534453,0.1283287255365423,0.9582296175760797,0.918204
0.5760000000000001,-0.3870432362368675,0.9278439152831663,0.9268655626442719,0.13028539340715856,0.9576304088739037,0.917056
0.58,-0.3903975986336723,0.9266039777066954,0.925979677811408,0.13225349252799604,0.9570266453970862,0.9159
0.584,-0.3937574171507812,0.9253511952403773,0.9250905719451982,0.1342327931002658,0.9564183185196737,0.914736
0.588,-0.397122519339513,0.9240855526325793,0.9241982539949283,0.1362230610628473,0.9558054195284729,0.913564
0.592,-0.4004927299780327,0.922807036566014,0.9233027306182621,0.13822405818716024,0.9551879396223552,0.912384
0.596,-0.40386787110248523,0.921515635681553,0.9224040061317724,0.14023554217619072,0.954565869911553,0.911196
0.6,-0.40724776204026797,0.9202113406011936,0.921502082462646,0.14225726676758016,0.9539392014169457,0.91
0.604,-0.4106322194454739,0.9188941439501364,0.9205969591016496,0.14428898184070907,0.9533079250693346,0.908796
0.608,-0.41402105733649364,0.9175640403779418,0.9196886330574401,0.1463304335276748,0.9526720317087093,0.907584
0.612,-0.41741408713577527,0.9162210265787359,0.9187770988122981,0.14838136432806395,0.9520315120835023,0.906364
0.616,-0.4208111177117506,0.9148651013104262,0.9178623482793745,0.15044151322742025,0.9513863568498342,0.9051359999999999
0.62,-0.42421195542291146,0.9134962654129003,0.916944370761525,0.15251061581928793,0.9507365565707464,0.9039
0.624,-0.4276164041640385,0.9121145218251723,0.9160231529118223,0.15458840443071917,0.9500821017154254,0.902656
0.628,-0.4310242654145492,0.9107198756014528,0.9150986786958148,0.15667460825110416,0.9494229826584145,0.901404
0.632,-0.4344353382889876,0.909312333926102,0.9141709293556269,0.15876895346421505,0.9487591896788141,0.900144
0.636,-0.4378494195895975,0.9078919061274499,0.9132398833759634,0.16087116338329943,0.948090712959472,0.898876
0.64,-0.4412663038609861,0.9064586036904453,0.912305516452105,0.16298095858909598,0.9474175425861608,0.8976
0.644,-0.44468578344684817,0.9050124402681141,0.9113678014599669,0.16509805707061778,0.9467396685467447,0.896316
0.648,-0.44810764854870966,0.9035534316917994,0.91042670842829,0.16722217436853812,0.9460570807303331,0.895024
0.652,-0.451531687286683,0.9020815959801577,0.9094822045130415,0.1693530237210329,0.9453697689264238,0.893724
0.656,-0.4549576857621822,0.9005969533468927,0.908534253974089,0.17149031621190075,0.9446777228240327,0.892416
0.66,-0.4583854281225731,0.8990995262071994,0.9075828181542164,0.1736337609207989,0.9439809320108113,0.8911
0.664,-0.46181469662771124,0.8975893391829046,0.9066278554605447,0.1757830650754142,0.943279385972152,0.889776
0.668,-0.465245271718329,0.8960664191062829,0.9056693213484179,0.17793793420539472,0.9425730740902798,0.888444
0.672,-0.468676932086222,0.894530795022531,0.904707168307812,0.18009807229785654,0.9418619856433319,0.887104
0.676,-0.47210945474619714,0.8929824981908832,0.9037413458523222,0.18226318195428837,0.9411461098044235,0.885756
0.68,-0.4755426151097121,0.8914215620843605,0.9027718005107794,0.18443296454865407,0.9404254356406998,0.8844
0.684,-0.47897618706016515,0.8898480223881365,0.9017984758215413,0.18660712038651278,0.939699952112375,0.8830359999999999
0.6880000000000001,-0.4824099430297802,0.8882619169965079,0.900821312329507,0.18878534886496534,0.9389696480717574,0.881664
0.6920000000000001,-0.48584365407801,0.8866632860084694,0.8998402475858901,0.19096734863322384,0.9382345122622595,0.880284
0.6960000000000001,-0.48927708997141367,0.8850521717218771,0.8988552161507909,0.193152817753622,0.9374945333173949,0.878896
0.7000000000000001,-0.4927100192649295,0.8834286186262026,0.8978661495985965,0.19534145386286228,0.9367496997597597,0.8775
0.704,-0.4961422093844818,0.88179267339387,0.8968729765262398,0.19753295433331006,0.9359999999999999,0.876096
0.708,-0.4995734267108461,0.8801443848701784,0.8958756225643381,0.19972701643413562,0.9352454223357631,0.874684
0.712,-0.5030034366647054,0.8784838040618078,0.894874010391234,0.20192333749211336,0.9344859549506349,0.873264
0.716,-0.5064320037928189,0.8768109841239129,0.8938680597499515,0.20412161505188312,0.9337215859130601,0.871836
0.72,-0.5098588918552232,0.8751259803458092,0.8928576874680756,0.20632154703547906,0.9329523031752481,0.8704000000000001
0.724,-0.5132838639133945,0.8734288501352573,0.8918428074805664,0.20852283190094198,0.9321780945720619,0.8689560000000001
0.728,-0.5167066824192833,0.8717196530013531,0.8908233308555038,0.21072516879982067,0.931398947819891,0.867504
0.732,-0.5201271093051422,0.869998450536038,0.8897991658227592,0.21292825773338178,0.9306148505155073,0.866044
0.736,-0.523544906074063,0.868265306394235,0.8887702178055891,0.2151317997073435,0.9298257901349047,0.864576
0.74,-0.5269598338911375,0.8665202862726319,0.8877363894551333,0.2173354968849562,0.9290317540321213,0.8631
0.744,-0.5303716536751518,0.8647634578871216,0.8866975806878021,0.2195390527382523,0.9282327294380435,0.8616159999999999
0.748,-0.5337801261907335,0.8629948909489211,0.8856536887255266,0.22174217219729894,0.9274287034591931,0.860124
0.752,-0.5371850121408511,0.8612146571393878,0.8846046081388463,0.2239445617972799,0.9266196630764966,0.858624
0.756,-0.5405860722595917,0.8594228300835531,0.8835502308928012,0.22614592982325452,0.9258055951440345,0.857116
0.76,-0.5439830674051132,0.857619485322399,0.8824904463955898,0.2283459864524298,0.9249864863877743,0.8556
0.764,-0.5473757586526864,0.8558047002839,0.8814251415499517,0.23054444389379627,0.9241623234042816,0.8540760000000001
0.768,-0.5507639073877361,0.8539785542528601,0.8803542008072254,0.23274101652498422,0.9233330926594151,0.852544
0.772,-0.554147275398791,0.8521411283395681,0.8792775062240369,0.23493542102620035,0.9224987804869987,0.851004
0.776,-0.5575256249702467,0.8502925054473066,0.8781949375215526,0.23712737651110755,0.9216593730874764,0.849456
0.78,-0.5608987189748594,0.8484327702387412,0.8771063721472481,0.23931660465452856,0.920814856526544,0.8479
0.784,-0.56426632096587,0.8465620091012255,0.876011685339116,0.2415028298168431,0.9199652167337632,0.846336
0.788,-0.56762819526868,0.8446803101110542,0.8749107501922588,0.2436857791649754,0.9191104395011516,0.844764
0.792,-0.5709841070719823,0.8427877629967006,0.873803437727779,0.2458651827898578,0.918250510481753,0.8431839999999999
0.796,-0.5743338225182604,0.8408844591010746,0.8726896169639013,0.24804077382027262,0.9173854151881858,0.841596
0.8,-0.5776771087935727,0.8389704913428393,0.871569154989243,0.25021228853298233,0.916515138991168,0.84
0.804,-0.5810137342165335,0.8370459541768243,0.8704419170381477,0.2523794664590599,0.9156396671180208,0.8383959999999999
0.808,-0.5843434683264044,0.835110943553577,0.8693077665679968,0.2545420504863416,0.9147589846511484,0.836784
0.812,-0.5876660819702211,0.8331655568780901,0.8681665653384111,0.2566997869579352,0.9138730765264945,0.835164
0.8160000000000001,-0.5909813473888639,0.8312098929677507,0.8670181734922442,0.25885242576671497,0.9129819275319747,0.8335359999999999
0.8200000000000001,-0.594289038302002,0.8292440520095498,0.8658624496382766,0.26099972044575226,0.9120855223058855,0.8319
0.8240000000000001,-0.5975889299918289,0.8272681355165975,0.8646992509355118,0.26314142825463144,0.9111838453352868,0.830256
0.8280000000000001,-0.6008807993855156,0.825282246283987,0.8635284331789692,0.2652773102616107,0.9102768809543611,0.828604
0.8320000000000001,-0.6041644251363097,0.823286488344052,0.8623498508868779,0.2674071314215948,0.9093646133427449,0.8269439999999999
0.836,-0.6074395877032053,0.8212809669210622,0.8611633573891604,0.26953066064989106,0.9084470265238365,0.825276
0.84,-0.6107060694291246,0.8192657883853995,0.8599688049171061,0.2716476708917358,0.9075241043630742,0.8236
0.844,-0.6139636546175323,0.8172410602072675,0.8587660446941192,0.2737579391875692,0.9065958305661901,0.821916
0.848,-0.617212129607431,0.8152068909099697,0.8575549270274387,0.2758612467340631,0.905662188677434,0.8202240000000001
0.852,-0.6204512828466744,0.8131633900228107,0.8563353014007173,0.2779573789409002,0.9047231620777706,0.818524
0.856,-0.6236809049635371,0.8111106680336612,0.8551070165673489,0.28004612548331115,0.9037787339830474,0.816816
0.86,-0.6269007888364895,0.8090488363412348,0.8538699206444318,0.2821272803503874,0.9028288874421332,0.8151
0.864,-0.6301107296621252,0.8069780072071214,0.8526238612072596,0.28420064188919003,0.9018736053350269,0.813376
0.868,-0.633310525021193,0.8048982937076213,0.8513686853842236,0.2862660128446829,0.9009128703709366,0.811644
0.872,-0.6364999749426857,0.802809809685428,0.8501042399520177,0.2883232003955226,0.899946665086326,0.809904
0.876,-0.6396788819659469,0.8007126697012004,0.8488303714310343,0.2903720161857474,0.8989749718429317,0.808156
0.88,-0.6428470512007501,0.7986069889850723,0.8475469261808397,0.29241227635240463,0.8979977728257459,0.8064
0.884,-0.6460042903853211,0.796492883388141,0.8462537504956185,0.2944438015491732,0.8970150500409678,0.804636
0.888,-0.6491504099422651,0.794370469333977,0.8449506906994795,0.29646641696603265,0.8960267853139213,0.802864
0.892,-0.6522852230323691,0.7922398637702006,0.8436375932415142,0.2984799523450378,0.8950329602869382,0.801084
0.896,-0.6554085456062573,0.7901011841201637,0.8423143047905028,0.3004842419922694,0.8940335564172074,0.799296
0.9,-0.6585201964538684,0.7879545482347795,0.8409806723291597,0.30247912478602196,0.8930285549745876,0.7975
0.904,-0.661619997251743,0.7858000743445405,0.8396365432478208,0.30446444418130975,0.8920179370393848,0.795696
0.908,-0.6647077726080945,0.7836378810117615,0.8382817654374645,0.30644004821076115,0.8910016835000931,0.793884
0.912,-0.6677833501056577,0.7814680870830913,0.8369161873819756,0.3084057894819871,0.8899797750510963,0.792064
0.916,-0.6708465603422986,0.7792908116423227,0.8355396582495477,0.31036152517150417,0.8889521921903337,0.7902359999999999
0.92,-0.6738972369693804,0.7771061739635444,0.8341520279831353,0.312307117015301,0.8879189152169246,0.7884
0.924,-0.6769352167278772,0.7749142934646654,0.8327531473898595,0.31424243129613577,0.8868799242287537,0.786556
0.928,-0.679960339482239,0.7727152896613473,0.8313428682292838,0.3161673388276598,0.8858351991200168,0.784704
0.932,-0.6829724482520025,0.7705092821213779,0.8299210433004678,0.3180817149354586,0.8847847195787233,0.782844
0.936,-0.6859713892411569,0.7682963904195177,0.8284875265277198,0.3199854394351087,0.8837284650841569,0.780976
0.9400000000000001,-0.6889570118652673,0.7660767340928477,0.8270421730449669,0.32187839660734824,0.8826664149042943,0.7790999999999999
0.9440000000000001,-0.6919291687763671,0.7638504325966522,0.8255848392786638,0.32376047517045947,0.8815985480931783,0.7772159999999999
0.9480000000000001,-0.6948877158856318,0.761617605260859,0.8241153830291716,0.3256315682499671,0.8805248434882459,0.7753239999999999
0.9520000000000001,-0.6978325123838461,0.7593783712470688,0.8226336635505292,0.32749157334575113,0.8794452797076121,0.773424
0.9560000000000001,-0.700763420759684,0.7571328495061957,0.821139541628556,0.32934039229667894,0.8783598351473045,0.771516
0.96,-0.7036803068158197,0.7548811587367452,0.8196328796572193,0.3311779312428602,0.8772684879784524,0.7696000000000001
0.964,-0.7065830396828932,0.7526234173437492,0.8181135417132079,0.3330041005856269,0.8761712161444246,0.767676
0.968,-0.7094714918313487,0.7503597433983851,0.816581393628654,0.3348188149453426,0.8750679973579196,0.765744
0.972,-0.712345539081182,0.7480902545982924,0.815036303061951,0.3366219931171471,0.8739588090980033,0.763804
0.976,-0.7152050606096146,0.7458150682286102,0.8134781395666187,0.3384135580247363,0.8728436286070947,0.761856
0.98,-0.718049938956731,0.743534301123752,0.8119067746581687,0.34019343667228347,0.8717224328879004,0.7599
0.984,-0.7208800600291088,0.7412480696299325,0.8103220818789284,0.34196156009460277,0.8705951987002915,0.7579359999999999
0.988,-0.7236953131014751,0.7389564895684629,0.8087239368607847,0.34371786330565657,0.8694619025581282,0.755964
0.992,-0.7264955908164278,0.7366596761998269,0.8071122173858142,0.34546228524551004,0.8683225207260261,0.753984
0.996,-0.7292807891822524,0.7343577441885506,0.8054868034447654,0.34719476872582855,0.867177029216065,0.751996
1.0,-0.7320508075688773,0.7320508075688773,0.8038475772933681,0.3489152603740189,0.8660254037844386,0.75
1.004,-0.7348055487020092,0.7297389797112537,0.8021944235064435,0.3506237105761125,0.8648676199280443,0.747996
1.008,-0.7375449186554817,0.7274223732896419,0.8005272290297956,0.35232007341848254,0.8637036528810099,0.745984
1.012,-0.7402688268418672,0.7251011002496578,0.7988458832298647,0.3540043066284922,0.8625334776111592,0.7439640000000001
1.016,-0.7429771860013911,0.7227752717775474,0.7971502779411322,0.3556763715141646,0.8613570688164113,0.7419359999999999
1.02,-0.7456699121891918,0.720444998270001,0.7954403075112614,0.35733623290296557,0.8601744009211155,0.7399
1.024,-0.7483469247609755,0.7181103893048122,0.7937158688439702,0.35898385907978714,0.8589854480723175,0.7378560000000001
1.028,-0.751008146357107,0.7157715536123838,0.7919768614396319,0.36061922172421906,0.8577901841359575,0.735804
1.032,-0.7536535028851828,0.7134285990480792,0.7902231874335975,0.3622422958471907,0.8565885826929985,0.733744
1.036,-0.7562829235011401,0.711081632565424,0.7884547516322502,0.3638530597270691,0.8553806170354809,0.731676
1.04,-0.7588963405889382,0.708730760190153,0.7866714615467859,0.3654514948452887,0.854166260162505,0.7296
1.044,-0.7614936897388699,0.7063760869951038,0.784873227424738,0.3670375858215945,0.8529454847761374,0.727516
1.048,-0.7640749097245468,0.7040177170759514,0.7830599622792493,0.3686113203489727,0.8517182632772412,0.725424
1.052,-0.766639942478604,0.7016557535277832,0.7812315819161059,0.3701726891283391,0.8504845677612263,0.723324
1.056,-0.7691887330671789,0.6992902984225086,0.7793880049585508,0.37172168580306164,0.8492443700137199,0.721216
1.06,-0.7717212296632084,0.6969214527870955,0.7775291528698934,0.37325830689338096,0.8479976415061542,0.7191
1.064,-0.7742373835185927,0.6945493165826313,0.7756549499739337,0.3747825517307955,0.84674435339127,0.716976
1.068,-0.7767371489352771,0.6921739886841988,0.7737653234732269,0.3762944223924767,0.845484476498534,0.714844
1.072,-0.779220483235297,0.6897955668615592,0.7718602034652113,0.3777939236357731,0.8442179813294668,0.712704
1.076,-0.7816873467298369,0.687414147760634,0.7699395229562277,0.37928106283286345,0.8429448380528823,0.710556
1.08,-0.7841377026873471,0.6850298268857778,0.7680032178734555,0.3807558499056136,0.8416650165000324,0.7083999999999999
1.084,-0.7865715173007715,0.6826426985828287,0.7660512270748014,0.3822182972606926,0.8403784861596589,0.706236
1.088,-0.7889887596539278,0.6802528560229287,0.7640834923567699,0.3836684197249985,0.8390852161729463,0.704064
1.092,-0.7913894016870896,0.6778603911871025,0.7620999584603477,0.3851062344814417,0.8377851753283774,0.701884
1.096,-0.7937734181618158,0.67546539485158,0.7601005730749427,0.3865317610051352,0.8364783320564854,0.6996959999999999
1.1,-0.7961407866250733,0.6730679565738544,0.7580852868404098,0.38794502100003303,0.8351646544245033,0.6975
1.104,-0.7984914873726973,0.6706681646794598,0.7560540533472044,0.38934603833606185,0.8338441101309044,0.6952959999999999
1.108,-0.8008255034122329,0.6682661062494564,0.7540068291347021,0.3907348389867819,0.8325166664998365,0.6930839999999999
1.112,-0.803142820425203,0.665861867108609,0.751943573687724,0.392111450967618,0.8311822904754407,0.6908639999999999
1.116,-0.805443426728844,0.6634555318142453,0.7498642494313127,0.3934759042746941,0.8298409486160585,0.6886359999999999
1.12,-0.8077273132373527,0.6610471836457791,0.7477688217237973,0.39482823082430524,0.8284926070883191,0.6863999999999999
1.124,-0.8099944734226846,0.6586369045948818,0.7456572588481944,0.39616846439305736,0.8271372316611071,0.684156
1.1280000000000001,-0.8122449032749433,0.6562247753562911,0.7435295320019859,0.39749664055870376,0.8257747876994066,0.681904
1.1320000000000001,-0.8144786012624033,0.6538108753192369,0.7413856152853203,0.39881279664170655,0.8244052401580183,0.6796439999999999
1.1360000000000001,-0.8166955682912028,0.6513952825594717,0.7392254856876842,0.40011697164754617,0.8230285535751478,0.677376
1.1400000000000001,-0.818895807664745,0.6489780738318874,0.7370491230730857,0.4014092062098041,0.8216446920658588,0.6750999999999999
1.1440000000000001,-0.8210793250428429,0.6465593245637045,0.734856510163798,0.4026895425340361,0.8202536193153919,0.6728159999999999
1.1480000000000001,-0.8232461284006491,0.6441391088482146,0.7326476325227127,0.40395802434246225,0.8188552985723423,0.6705239999999999
1.1520000000000001,-0.8253962279873988,0.6417174994390626,0.7304224785343425,0.4052146968194829,0.817449692641694,0.6682239999999999
1.156,-0.8275296362850052,0.6392945677450489,0.728181039384527,0.40645960655804414,0.8160367638777067,0.6659160000000001
1.16,-0.8296463679665369,0.636870383825437,0.7259233090388837,0.40769280150686127,0.8146164741766521,0.6636
1.164,-0.8317464398546139,0.6344450163857489,0.7236492842200544,0.40891433091851725,0.8131887849693944,0.661276
1.168,-0.8338298708797468,0.6320185327740314,0.7213589643837911,0.41012424529844344,0.8117536572138127,0.658944
1.172,-0.835896682038658,0.629590998977574,0.7190523516939302,0.4113225963547971,0.8103110513870584,0.656604
1.176,-0.8379468963526058,0.6271624796200661,0.7167294509963003,0.41250943694923864,0.8088609274776475,0.6542560000000001
1.18,-0.8399805388257447,0.6247330379591715,0.7143902697916097,0.4136848210486189,0.8074032449773781,0.6519
1.184,-0.8419976364035489,0.6223027358845059,0.7120348182073611,0.4148488036775818,0.8059379628730738,0.6495360000000001
1.188,-0.8439982179313219,0.6198716339159988,0.7096631089688368,0.41600144087208507,0.8044650396381436,0.6471640000000001
1.192,-0.8459823141128227,0.6174397912026242,0.707275157369202,0.4171427896338438,0.8029844332239574,0.644784
1.196,-0.8479499574690279,0.6150072655214808,0.7048709812387689,0.4182729078856983,0.8014961010510282,0.642396
1.2,-0.8499011822970576,0.6125741132772069,0.7024506009134672,0.4193918544279066,0.8,0.64
