accepted_points,alpha_dm,c2,c2_sign,c4,claim2_candidate,delta2,fit_success,max_abs_residual,message,mu0,mu0_minus_mu_c,mu_X,mu_c,point_key,psi_sq_max,psi_sq_min,rmse,closure_mode,classification,mu_extremal_max
4,0.0,0.017964338844764168,positive,-0.00024377821565002884,False,0.1,True,2.9118720767939976e-09,,3.731337129059644,0.0008450093433962635,0.0,3.730492119716248,d0.10_a0.0_nu0.0,0.061429292209889574,0.0038359460172882956,1.8889627108684056e-09,,,
4,0.0,0.01815390012946088,positive,-0.0002492923665898249,False,0.1,True,4.9538355639811016e-09,,3.7262677389117016,0.0008376514690984216,0.5,3.725430087442603,d0.10_a0.0_nu0.5,0.06084881090849773,0.0037996815795227653,3.213608686828462e-09,,,
4,0.0,0.018747878398163283,positive,-0.00027154274286084743,False,0.1,True,1.6335235386577551e-09,,3.710841494805074,0.0008155296292819969,1.0,3.710025965175792,d0.10_a0.0_nu1.0,0.0591005321420792,0.0036904614640383125,1.059684387835575e-09,,,
4,0.0,0.01983198918078867,positive,-0.0003243533307188127,False,0.1,True,1.2936105520111596e-09,,3.6843625428372775,0.0007784086384896582,1.5,3.683584134198788,d0.10_a0.0_nu1.5,0.056162782762850826,0.0035069335665073916,8.391762365661425e-10,,,
4,0.0,0.021581641946070974,positive,-0.00039205726538497345,False,0.1,True,5.365463628947964e-10,,3.6455133081579256,0.0007259468796330104,2.0,3.6447873612782926,d0.10_a0.0_nu2.0,0.05199509471486879,0.0032465722426401255,3.480605453034589e-10,,,
4,0.4,0.018092751576202458,positive,-0.0002559848880479353,False,0.1,True,6.0881699681658574e-09,,3.6669556298544075,0.000849113021308856,0.0,3.6661065168330986,d0.10_a0.4_nu0.0,0.06273038630469864,0.00391698451758591,3.949440232397173e-09,,,
4,0.4,0.019123127680060123,positive,-0.0003063592853313055,False,0.1,True,6.458266810227542e-09,,3.6559846257968682,0.000814864945627658,0.5,3.6551697608512406,d0.10_a0.4_nu0.5,0.06027202573082958,0.0037633059478555313,4.189500364467249e-09,,,
4,0.4,0.02073280774392821,positive,-0.00038688926168395637,False,0.1,True,1.3775340867994146e-09,,3.634095311149531,0.0007661325005554609,1.0,3.6333291786489754,d0.10_a0.4_nu1.0,0.05663121781940659,0.0035357536584698615,8.936052725851315e-10,,,
4,0.4,0.023192252545738198,positive,-0.0005103992214245883,False,0.1,True,8.594036593478904e-10,,3.5998566418553737,0.0007027339124272558,1.5,3.5991539079429464,d0.10_a0.4_nu1.5,0.051776482864898415,0.0032323601460195945,5.574885983673963e-10,,,
4,0.4,0.02705107908556699,positive,-0.0007578680358549078,False,0.1,True,4.818918153404184e-09,,3.5508595276621597,0.0006241191995379758,2.0,3.5502354084626218,d0.10_a0.4_nu2.0,0.04565099679214063,0.002849574430667654,3.125938439870406e-09,,,
4,0.8,0.01822219526888318,positive,-0.00030021563520402897,False,0.1,True,3.2393510096540012e-09,,3.460798761675717,0.0008551920528465651,0.0,3.4599435696228706,d0.10_a0.8_nu0.0,0.06669460116896997,0.004163870954085659,2.101350696171099e-09,,,
4,0.8,0.020255041816670833,positive,-0.0004175621692699661,False,0.1,True,5.156000959516405e-09,,3.4659920062498437,0.000795078196305532,0.5,3.465196928053538,d0.10_a0.8_nu0.5,0.06219619510298725,0.0038825962064420756,3.3446255120439793e-09,,,
4,0.8,0.023270257462725326,positive,-0.0005919959832554958,False,0.1,True,1.3954291055995327e-09,,3.459759125089164,0.0007206848040919311,1.0,3.459038440285072,d0.10_a0.8_nu1.0,0.056432471731900434,0.003522257832675914,9.051802582146449e-10,,,
4,0.8,0.027963170096899605,positive,-0.000941269501635737,False,0.1,True,2.2818436029581335e-09,,3.439720108760625,0.0006317649154912175,1.5,3.4390883438451336,d0.10_a0.8_nu1.5,0.04935385168385821,0.0030797499854050897,1.48013203831499e-09,,,
4,0.8,0.0359442514666767,positive,-0.0017804870902324286,False,0.1,True,4.035911604916009e-09,,3.4018001316219304,0.0005275429854827429,2.0,3.4012725886364477,d0.10_a0.8_nu2.0,0.040870276961985766,0.0025494272218915923,2.6177993068305092e-09,,,
4,1.2,0.01804648935416277,positive,-0.0003587856219727509,False,0.1,True,8.798655137809419e-09,,3.0648640173922552,0.0008396523137652601,0.0,3.06402436507849,d0.10_a1.2_nu0.0,0.07350601387169454,0.004587865194774485,5.707451334523235e-09,,,
4,1.2,0.02104279534301217,positive,-0.0005466032858209111,False,0.1,True,1.6185466300555618e-09,,3.114925289486609,0.0007634983278528296,0.5,3.114161791158756,d0.10_a1.2_nu0.5,0.06714361610307436,0.004189855307066924,1.0498793126989316e-09,,,
4,1.2,0.02565066762700243,positive,-0.0009092202101355161,False,0.1,True,1.712726405145304e-09,,3.1547559926295747,0.0006720039312386739,1.0,3.154083988698336,d0.10_a1.2_nu1.0,0.059252137871144736,0.0036962583568835652,1.1109259107480798e-09,,,
4,1.2,0.033388415248470305,positive,-0.001792257203650098,False,0.1,True,8.726628308863837e-10,,3.1809734431441474,0.0005648079131712613,1.5,3.180408635230976,d0.10_a1.2_nu1.5,0.049734316317049124,0.003100960125473204,5.660006714419047e-10,,,
4,1.2,0.04853628241729454,positive,-0.004720504350474286,False,0.1,True,2.7584055040108524e-09,,3.1872886632609756,0.00044073606329364523,2.0,3.186847927197682,d0.10_a1.2_nu2.0,0.038410273218704105,0.002392625614575719,1.7888703068279313e-09,,,
4,1.6,0.017843452008323425,positive,-0.0005074697478355423,False,0.1,True,1.357718382166695e-09,,2.34399341103654,0.0007347772633745642,0.0,2.3432586337731656,d0.10_a1.6_nu0.0,0.08348407778950007,0.005207601704542483,8.806513256322807e-10,,,
4,1.6,0.02146715327212198,positive,-0.0008083143899723564,False,0.1,True,1.0751133316944106e-10,,2.4766186870726563,0.0006668356302932388,0.5,2.475951851442363,d0.10_a1.6_nu0.5,0.07623983750022467,0.004753762051030982,6.973145561463351e-11,,,
4,1.6,0.02732482263541438,positive,-0.001478924512707879,False,0.1,True,5.803893809996907e-09,,2.60813467308108,0.0005802477180369969,1.0,2.607554425363043,d0.10_a1.6_nu1.0,0.06683529203639305,0.004164693021095001,3.764073439248476e-09,,,
4,1.6,0.038009100906059225,positive,-0.003419617170420501,False,0.1,True,1.8526473688496026e-09,,2.734989899990646,0.0004750095409344901,1.5,2.7345148904497116,d0.10_a1.6_nu1.5,0.05502541703319445,0.003424920416092813,1.2013560217909498e-09,,,
4,1.6,0.06245515178393636,positive,-0.012101440625738317,False,0.1,True,8.472057277941758e-09,,2.849787921364142,0.0003502060962787823,2.0,2.849437715267863,d0.10_a1.6_nu2.0,0.04036143294072628,0.0025059420230165216,5.492071952991086e-09,,,
4,0.0,0.024385257938390525,positive,-0.0005128096432141766,False,0.15,True,5.067462005570178e-09,,3.5874374827595314,0.000598233924927527,0.0,3.586839248834604,d0.15_a0.0_nu0.0,0.04607427853170134,0.0028767076506877915,3.287266464594454e-09,,,
4,0.0,0.02488895157424652,positive,-0.0005458190681475588,False,0.15,True,6.039599931284556e-10,,3.578799131357256,0.0005879256107585995,0.5,3.578211205746497,d0.15_a0.0_nu0.5,0.04522475788071618,0.002823639297970743,3.9178790521034456e-10,,,
4,0.0,0.026531021327003662,positive,-0.0006227924777776327,False,0.15,True,5.585487627968178e-10,,3.5522092439445525,0.0005568778616855674,1.0,3.551652366082867,d0.15_a0.0_nu1.0,0.042659653181255884,0.002663402283005376,3.623273672782796e-10,,,
4,0.0,0.02981927346608509,positive,-0.0008545430507581178,False,0.15,True,1.0067613409603382e-09,,3.5053998500295607,0.0005044803440767964,1.5,3.504895369685484,d0.15_a0.0_nu1.5,0.038324228147931585,0.002392582363125371,6.530772942495982e-10,,,
4,0.0,0.036108044558501945,positive,-0.0013131320757991372,False,0.15,True,3.7106544503728855e-09,,3.43354855273597,0.0004295051823963725,2.0,3.4331190475535736,d0.15_a0.0_nu2.0,0.03210595779838714,0.0020041607812919028,2.4070412440865147e-09,,,
4,0.4,0.02431901042831613,positive,-0.0005412247230799703,False,0.15,True,3.729131226037907e-09,,3.5322258038008543,0.0006129665906522419,0.0,3.531612837210202,d0.15_a0.4_nu0.0,0.04783748909977351,0.002986558716375736,2.419065022160958e-09,,,
4,0.4,0.026919530605422497,positive,-0.0007218949523708112,False,0.15,True,1.6984880168990912e-09,,3.507522396987005,0.000566847977832019,0.5,3.506955549009173,d0.15_a0.4_nu0.5,0.04433937522992701,0.0027678800960931615,1.101785419369529e-09,,,
4,0.4,0.03154357732135325,positive,-0.0010885122095493159,False,0.15,True,2.9567441828248775e-09,,3.462954439358035,0.000500525905314575,1.0,3.4624539134527206,d0.15_a0.4_nu1.0,0.039104509437802706,0.0024406973290121057,1.917961503640576e-09,,,
4,0.4,0.04022355374760653,positive,-0.0020878006451303536,False,0.15,True,4.659778785054414e-09,,3.393526292309939,0.0004133296666988251,1.5,3.39311296264324,d0.15_a0.4_nu1.5,0.03205400203531794,0.0020000722689020997,3.0225681553149974e-09,,,
4,0.4,0.059783951995308476,positive,-0.006057559892434333,False,0.15,True,1.6367360800018105e-09,,3.2888352924736695,0.00030314618311022556,2.0,3.2885321462905592,d0.15_a0.4_nu2.0,0.023019260986826235,0.0014354378539267946,1.0615871786741104e-09,,,
4,0.8,0.023759102896985317,positive,-0.000631818637256809,False,0.15,True,7.800675660973866e-10,,3.3520057097418845,0.0006519652044034707,0.0,3.351353744537481,d0.15_a0.8_nu0.0,0.05326663888677711,0.003324789562793757,5.060111792520239e-10,,,
4,0.8,0.02857461817933348,positive,-0.001007460567314989,False,0.15,True,2.441300495092946e-10,,3.3349725897117968,0.0005701633438865983,0.5,3.33440242636791,d0.15_a0.8_nu0.5,0.046836489096085926,0.002922718877596438,1.5835634451761788e-10,,,
4,0.8,0.03727447799277517,positive,-0.0020726582160820414,False,0.15,True,1.8072792151713202e-09,,3.2956854266157873,0.0004687283563260536,1.0,3.2952166982594613,d0.15_a0.8_nu1.0,0.038550361500644566,0.002404648167041667,1.1722439033837476e-09,,,
4,0.8,0.05608566476672927,positive,-0.005964297706285807,False,0.15,True,6.280387321311309e-09,,3.225193407224087,0.0003467277012951797,1.5,3.2248466795227917,d0.15_a0.8_nu1.5,0.028281641749617347,0.00176259016641086,4.07318041942954e-09,,,
4,0.8,0.11903398529969823,positive,-0.047012263048739504,False,0.15,True,1.6800210111966862e-09,,3.1020613169140354,0.0001997811902434421,2.0,3.101861535723792,d0.15_a0.8_nu2.0,0.015739926535685816,0.0009780408027566696,1.0891910544842993e-09,,,
4,1.2,0.022310400663667216,positive,-0.0006592486612436047,False,0.15,True,3.9789016526015075e-09,,2.9940567347896474,0.0006932989786530008,0.0,2.9933634358109944,d0.15_a1.2_nu0.0,0.06277799498020457,0.003917170429299892,2.580918243828357e-09,,,
4,1.2,0.028653388296460244,positive,-0.001281356168759916,False,0.15,True,3.665198367031053e-09,,3.0191558957592814,0.0005871711258289558,0.5,3.0185687246334525,d0.15_a1.2_nu0.5,0.05356433771141552,0.0033407936843477086,2.377303531516599e-09,,,
4,1.2,0.04102188261775633,positive,-0.0032109734117274575,False,0.15,True,1.013713113451331e-09,,3.021969389576112,0.0004602578730366069,1.0,3.0215091317030756,d0.15_a1.2_nu1.0,0.04209027434583194,0.002623022839547956,6.574438019936386e-10,,,
4,1.2,0.07302170876220437,positive,-0.014393443980396917,False,0.15,True,2.87359869233228e-09,,2.989346144004197,0.0003108134391966999,1.5,2.989035330565,d0.15_a1.2_nu1.5,0.028100019180785276,0.0017475869378059659,1.863209228065471e-09,,,
4,1.2,0.2670637094272676,positive,-0.46382384432583157,False,0.15,True,6.510138073068106e-08,,2.8815843861601027,0.0001290508395728196,2.0,2.88145533532053,d0.15_a1.2_nu2.0,0.010930643962241282,0.0006710143063241926,4.2145971337791683e-08,,,
4,1.6,0.02038273776325809,positive,-0.0007453505104316278,False,0.15,True,1.7912431538036344e-09,,2.3149583918618997,0.0006662650816910975,0.0,2.3142921267802086,d0.15_a1.6_nu0.0,0.07706872905964086,0.00480593818193549,1.1618039395492118e-09,,,
4,1.6,0.026848325016311597,positive,-0.0014997947166493358,False,0.15,True,1.1518883624717091e-09,,2.42908871364113,0.0005690834952241097,0.5,2.4285196301459058,d0.15_a1.6_nu0.5,0.06639218544041131,0.004137152241008902,7.470502807868752e-10,,,
4,1.6,0.04000238144502865,positive,-0.004097782491549641,False,0.15,True,2.8985862599029133e-09,,2.5321353710136174,0.00044685367886287963,1.0,2.5316885173347545,d0.15_a1.6_nu1.0,0.05246039248208578,0.003264418186688084,1.879538730692558e-09,,,
4,1.6,0.0773858255219483,positive,-0.0219064780508561,False,0.15,True,1.0089397317614157e-08,,2.611275046926148,0.000297879985590388,1.5,2.6109771669405575,d0.15_a1.6_nu1.5,0.03466733509332728,0.002149013638321698,6.5392804420833215e-09,,,
4,1.6,0.43677562015383387,positive,-1.809226574207115,False,0.15,True,5.972168808376921e-07,,2.6174848232157086,0.00010704548053164231,2.0,2.617377777735177,d0.15_a1.6_nu2.0,0.01116592382888526,0.0006679792682623565,3.855287892509576e-07,,,
4,0.0,0.030303123968830746,positive,-0.0008337519337545676,False,0.18,True,1.3862004877296386e-09,,3.4977151342721897,0.00047036606734440767,0.0,3.4972447682048453,d0.18_a0.0_nu0.0,0.037634109882638773,0.002349475721505367,8.992175094260092e-10,,,
4,0.0,0.031210687951203974,positive,-0.0009348848983270725,False,0.18,True,9.718040594464128e-09,,3.486450234251214,0.0004585554554346061,0.5,3.4859916787957794,d0.18_a0.0_nu0.5,0.03663345751062108,0.002286969823531874,6.3040009677137e-09,,,
4,0.0,0.03428365119333192,positive,-0.001139184140996568,False,0.18,True,1.5227947791629504e-09,,3.451456231546448,0.00042295554944749014,1.0,3.4510332759970006,d0.18_a0.0_nu1.0,0.03360706764636772,0.002097928439677955,9.87815552016265e-10,,,
4,0.0,0.04102727344379345,positive,-0.0017231402305504394,False,0.18,True,5.81226711204863e-09,,3.38852503503747,0.0003625952522252618,1.5,3.3881624397852446,d0.18_a0.0_nu1.5,0.028471598033295853,0.0017771549798629269,3.7702872846276645e-09,,,
4,0.0,0.05672975275292054,positive,-0.003910699128861261,False,0.18,True,7.516343103475265e-09,,3.2877326818160326,0.00027504254155141794,2.0,3.287457639274481,d0.18_a0.0_nu2.0,0.021043285915753975,0.0013131922546017764,4.875547768216136e-09,,,
4,0.4,0.02994080011073169,positive,-0.0009069408309913438,False,0.18,True,1.3168397039464708e-08,,3.448390744714978,0.0004895962311040059,0.0,3.447901148483874,d0.18_a0.4_nu0.0,0.03961172769330477,0.002472679425326269,8.54212137284437e-09,,,
4,0.4,0.034501168238475724,positive,-0.0013768527912807606,False,0.18,True,5.086213228366887e-09,,3.4139680901445164,0.0004381084739017993,0.5,3.4135299816706146,d0.18_a0.4_nu0.5,0.03556426368547916,0.002219651680745087,3.2992740822112125e-09,,,
4,0.4,0.043584803402920216,positive,-0.002484587692436974,False,0.18,True,5.298899097283538e-09,,3.3523323573949178,0.0003636167068803431,1.0,3.3519687406880374,d0.18_a0.4_nu1.0,0.029470785901874127,0.0018387926434526674,3.437108481604599e-09,,,
4,0.4,0.06478629255952731,positive,-0.007436501785890305,False,0.18,True,4.368045924962871e-09,,3.2536352984124246,0.0002648933461393277,1.5,3.2533704050662853,d0.18_a0.4_nu1.5,0.021216646938697244,0.0013229010524352866,2.833083105309701e-09,,,
4,0.4,0.14748274350635807,positive,-0.07515153067038366,False,0.18,True,7.777551935816973e-10,,3.0926333299409863,0.0001373047578066,2.0,3.0924960251831797,d0.18_a0.4_nu2.0,0.0105469642599255,0.0006558112315709111,5.042774820065426e-10,,,
4,0.8,0.02846760995202152,positive,-0.0009974272506202222,False,0.18,True,3.3258533704838555e-09,,3.2846986531348463,0.0005433356214186169,0.0,3.2841553175134277,d0.18_a0.8_nu0.0,0.04574864332707103,0.002855006329497498,2.1573554518549206e-09,,,
4,0.8,0.03656072916502393,positive,-0.001981661096996177,False,0.18,True,2.980392377338603e-09,,3.252234188630324,0.00045125877882323806,0.5,3.2517829298515006,d0.18_a0.8_nu0.5,0.038280332611301295,0.002387993594725625,1.933172965150016e-09,,,
4,0.8,0.05392146288180314,positive,-0.005436340769008818,False,0.18,True,4.933503827686536e-09,,3.188033843395491,0.00033713167458682136,1.0,3.1876967117209043,d0.18_a0.8_nu1.0,0.028631748748013875,0.0017846574450826806,3.199706477050278e-09,,,
4,0.8,0.10883816692873058,positive,-0.037494128880739414,False,0.18,True,7.188242001632261e-09,,3.0732644399627347,0.00019885997534352384,1.5,3.073065579987391,d0.18_a0.8_nu1.5,0.01662335389045208,0.0010334761824715036,4.660579493080972e-09,,,
7,0.8,1.3327162966716548,positive,-61.98040664355889,False,0.18,True,3.2143520733995956e-08,,2.8419210257976304,2.7141114699258395e-05,2.0,2.841893884682931,d0.18_a0.8_nu2.0,0.0005131838950436262,1.2492756206575565e-06,2.053048234459502e-08,dense_neighbor_seed_repair,,
4,1.2,0.02562011642102831,positive,-0.0009889853264587543,False,0.18,True,2.763166140340445e-09,,2.9506290428662867,0.0006123532594530801,0.0,2.9500166896068336,d0.18_a1.2_nu0.0,0.0566499527101212,0.003534038792126501,1.792281391346067e-09,,,
4,1.2,0.03543950316946085,positive,-0.0022477235567164282,False,0.18,True,5.028899963122058e-09,,2.9589155672928347,0.0004908929873859158,0.5,2.9584246743054488,d0.18_a1.2_nu0.5,0.04584628203813657,0.002858151667135963,3.2616431634587978e-09,,,
4,1.2,0.058782008327550886,positive,-0.008393925333475421,False,0.18,True,5.346147080587116e-09,,2.9342993967167383,0.000345935251711893,1.0,2.9339534614650264,d0.18_a1.2_nu1.0,0.03236665537685177,0.0020147370533385774,3.4667595735264158e-09,,,
4,1.2,0.15916879044011406,positive,-0.1180040079840461,False,0.18,True,1.7280087138971112e-08,,2.848282201916069,0.00017343764390531646,1.5,2.8481087642721636,d0.18_a1.2_nu1.5,0.01581106295886632,0.000977712461593571,1.1196520398864981e-08,,,
0,1.2,,unresolved,,False,0.18,False,,no compact onset root before extremality bound mu_max=2.555884,,,2.0,,d0.18_a1.2_nu2.0,,,,extremality_limited_no_linear_onset,no_linear_onset_before_extremality_bound,2.555884
4,1.6,0.022134466416206533,positive,-0.0009262759786875162,False,0.18,True,7.972277504819658e-09,,2.2973374894368157,0.0006268649987024588,0.0,2.2967106244381132,d0.18_a1.6_nu0.0,0.07331576561942406,0.004570946677195538,5.170700630597302e-09,,,
4,1.6,0.031047159993520722,positive,-0.002205368266630035,False,0.18,True,4.124376395964191e-10,,2.3995449869286634,0.0005133313412049034,0.5,2.3990316555874585,d0.18_a1.6_nu0.5,0.06064652150022388,0.003777315926621074,2.6746815542671995e-10,,,
4,1.6,0.05253186164833293,positive,-0.008355321859932372,False,0.18,True,4.2644461295537894e-09,,2.4825258644651775,0.00037122998291971854,1.0,2.482154634482258,d0.18_a1.6_nu1.0,0.044058394774924355,0.0027379336880116096,2.764758024398669e-09,,,
4,1.6,0.14894259048283354,positive,-0.11857734170575758,False,0.18,True,6.159259235971604e-08,,2.520021856711932,0.00019569891901660696,1.5,2.5198261577929153,d0.18_a1.6_nu1.5,0.022550709265099514,0.0013878719398904772,3.988615868789482e-08,,,
0,1.6,,unresolved,,False,0.18,False,,no compact onset root before extremality bound mu_max=2.302136,,,2.0,,d0.18_a1.6_nu2.0,,,,extremality_limited_no_linear_onset,no_linear_onset_before_extremality_bound,2.302136
4,0.0,0.03569992473203239,positive,-0.001235390344544584,False,0.2,True,3.320041130905338e-09,,3.436323427947901,0.00039329103927920883,0.0,3.4359301369086217,d0.20_a0.0_nu0.0,0.03233639654998656,0.002018559549302949,2.153658706243673e-09,,,
4,0.0,0.03706734203615356,positive,-0.0013794546664562478,False,0.2,True,6.4500342844553415e-09,,3.423050696939752,0.00038064296798090425,0.5,3.422670053971771,d0.20_a0.0_nu0.5,0.031240662527500292,0.0019501172858239107,4.184025659332003e-09,,,
4,0.0,0.04187295635070439,positive,-0.0018008495017455015,False,0.2,True,6.814720787673423e-09,,3.381512510394832,0.00034238006694486955,1.0,3.381170130327887,d0.20_a0.0_nu1.0,0.027923323760789584,0.0017429119116807936,4.4205521726272525e-09,,,
4,0.0,0.053421299271679074,positive,-0.003399281927757908,False,0.2,True,4.837485079178805e-09,,3.305453326496625,0.00027724637435921906,1.5,3.3051760801222656,d0.20_a0.0_nu1.5,0.02227966401537332,0.0013904166418939174,3.137899912216665e-09,,,
4,0.0,0.08715197532953937,positive,-0.0110972555243844,False,0.2,True,8.270534923582318e-09,,3.178690433128575,0.00018164399783682228,2.0,3.178508789130738,d0.20_a0.0_nu2.0,0.014071086323723671,0.0008777630673689674,5.3645113425605e-09,,,
4,0.4,0.03497204897256116,positive,-0.0013242064877235348,False,0.2,True,1.2743646138346776e-09,,3.391111977247132,0.0004147943057439818,0.0,3.390697182941388,d0.20_a0.4_nu0.0,0.03442962313051292,0.0021489529196799,8.266477216724464e-10,,,
4,0.4,0.041732151688511604,positive,-0.0021641324143892153,False,0.2,True,2.6154380883269823e-09,,3.349437104891118,0.00036052636681604966,0.5,3.349076578524302,d0.20_a0.4_nu0.5,0.030052143293254067,0.0018752849121942358,1.696518782343651e-09,,,
4,0.4,0.056667794877810054,positive,-0.004958339229963764,False,0.2,True,7.012023406360868e-09,,3.2744388343290183,0.0002816795698308283,1.0,3.2741571547591874,d0.20_a0.4_nu1.0,0.02343897362124436,0.0014619233922843877,4.5481222571092754e-09,,,
4,0.4,0.10077241118489393,positive,-0.02510138092024033,False,0.2,True,9.934586486792796e-11,,3.1506785931854564,0.0001766050654752327,1.5,3.150501988119981,d0.20_a0.4_nu1.5,0.014462160740789548,0.0009007705892760474,6.442610889018394e-11,,,
7,0.4,0.6050192215473529,positive,-5.4945366648269856,False,0.2,True,3.761114086842099e-09,,2.9296350772549657,3.940769938814981e-05,2.0,2.9295956695555776,d0.20_a0.4_nu2.0,0.0007461611344463919,1.85253750627829e-06,2.0706584785339702e-09,dense_neighbor_seed_repair,,
4,0.8,0.03247462380413815,positive,-0.001386102579606966,False,0.2,True,5.528200119897519e-10,,3.2389021303295977,0.0004763391660431715,0.0,3.2384257911635546,d0.20_a0.8_nu0.0,0.040964574247527114,0.0025560576732303153,3.585876260947594e-10,,,
4,0.8,0.0440686207068875,positive,-0.0031972488287831547,False,0.2,True,4.336703884888493e-09,,3.1950743474585415,0.0003786455615606421,0.5,3.194695701896981,d0.20_a0.8_nu0.5,0.0328612621821767,0.0020493042465346595,2.812812013796974e-09,,,
4,0.8,0.07316109327629614,positive,-0.012679609196180964,False,0.2,True,6.335430402515385e-09,,3.1112770323912446,0.00025758303212120026,1.0,3.1110194493591234,d0.20_a0.8_nu1.0,0.022384846579352278,0.0013940911429364132,4.108519410703844e-09,,,
4,0.8,0.22018902937359613,positive,-0.27452761843354817,False,0.2,True,1.7401345253631462e-08,,2.956171486268118,0.00011032459010396067,1.5,2.956061161678014,d0.20_a0.8_nu1.5,0.00937108362671693,0.0005792491467822606,1.1274562331309623e-08,,,
0,0.8,,unresolved,,False,0.2,False,,no compact onset root before extremality bound mu_max=2.611744,,,2.0,,d0.20_a0.8_nu2.0,,,,extremality_limited_no_linear_onset,no_linear_onset_before_extremality_bound,2.611744
4,1.2,0.02824054211240724,positive,-0.0012714827154779401,False,0.2,True,6.443645617082439e-11,,2.921258548316604,0.0005612448009748583,0.0,2.920697303515629,d0.20_a1.2_nu0.0,0.0526945028225898,0.003286729908668254,4.1795765101647274e-11,,,
4,1.2,0.0414322265800758,positive,-0.003412882274276976,False,0.2,True,1.4878276388685663e-09,,2.9174284588009116,0.00043063113450481083,0.5,2.916997827666407,d0.20_a1.2_nu0.5,0.040885814006262504,0.0025479161873437355,9.649306215217195e-10,,,
4,1.2,0.07862475651063106,positive,-0.01824330744373982,False,0.2,True,8.598517453606291e-10,,2.871485140040595,0.00027505560230123294,1.0,2.8712100844382937,d0.20_a1.2_nu1.0,0.026141688390720254,0.0016251499050948693,5.574930678681417e-10,,,
7,1.2,0.39126669014097765,positive,-1.4756137083943186,False,0.2,True,1.6483546971812757e-08,,2.7344217436196385,8.750765837017838e-05,1.5,2.7343342359612683,d0.20_a1.2_nu1.5,0.0019605267393221276,4.8644417179073205e-06,8.64187236184911e-09,dense_neighbor_seed_repair,,
0,1.2,,unresolved,,False,0.2,False,,no compact onset root before extremality bound mu_max=2.327038,,,2.0,,d0.20_a1.2_nu2.0,,,,extremality_limited_no_linear_onset,no_linear_onset_before_extremality_bound,2.327038
4,1.6,0.02341457759867331,positive,-0.001090982422074661,False,0.2,True,4.811955722772154e-09,,2.28550414322735,0.0006012695827632974,0.0,2.2849028736445867,d0.20_a1.6_nu0.0,0.07085407691612806,0.004416799318479516,3.1209049473101453e-09,,,
4,1.6,0.03439002647344171,positive,-0.0028950296604569117,False,0.2,True,1.3095893258707747e-09,,2.379378097354895,0.00047737522388846543,0.5,2.3789007221310063,d0.20_a1.6_nu0.5,0.05688549034001896,0.0035417356804189875,8.492384852988123e-10,,,
4,1.6,0.06461703160292125,positive,-0.014321908174228244,False,0.2,True,8.934212925026941e-09,,2.447360551898045,0.00032260973550535255,1.0,2.4470379421625394,d0.20_a1.6_nu1.0,0.03855230244748122,0.002392731331997596,5.791410258198741e-09,,,
4,1.6,0.29021333786187425,positive,-0.6554910506729559,False,0.2,True,2.4399834908095386e-07,,2.4464443827824627,0.00012796115763524796,1.5,2.4463164216248274,d0.20_a1.6_nu1.5,0.01446822923913873,0.0008778790206344223,1.5775300630383428e-07,,,
0,1.6,,unresolved,,False,0.2,False,,no compact onset root before extremality bound mu_max=2.082391,,,2.0,,d0.20_a1.6_nu2.0,,,,extremality_limited_no_linear_onset,no_linear_onset_before_extremality_bound,2.082391
4,0.0,0.042882613377469785,positive,-0.0019727163528824093,False,0.22,True,5.559939175725503e-10,,3.3735589197624107,0.00032265066503800455,0.0,3.3732362690973727,d0.22_a0.0_nu0.0,0.02730723557122259,0.0017044335982253835,3.606602931918077e-10,,,
4,0.0,0.04499847229456394,positive,-0.0021473903535989118,False,0.22,True,4.882866111444173e-09,,3.358032089319215,0.00030928050652923034,0.5,3.3577228088126856,d0.22_a0.0_nu0.5,0.026122152172394157,0.0016304140211771706,3.167383988304248e-09,,,
4,0.0,0.052813870605761704,positive,-0.0032832716684799133,False,0.22,True,7.478988983677937e-09,,3.309012992726706,0.0002687065315756243,1.0,3.30874428619513,d0.22_a0.0_nu1.0,0.022531501009834906,0.001406150176670298,4.851354789158858e-09,,,
4,0.0,0.07421520794747632,positive,-0.007484451762122471,False,0.22,True,2.6142821241137426e-10,,3.217237294805637,0.00019938107614470013,1.5,3.2170379137294924,d0.22_a0.0_nu1.5,0.016411611126119118,0.001023938990789446,1.695739449188018e-10,,,
4,0.0,0.16985733001027445,positive,-0.06143318603452068,False,0.22,True,4.075411119686123e-10,,3.0556573360490438,9.610907592438878e-05,2.0,3.0555612269731194,d0.22_a0.0_nu2.0,0.007501665538873243,0.0004675520899808148,2.643151565751928e-10,,,
4,0.4,0.04153602199213792,positive,-0.0020130838941297548,False,0.22,True,7.095514842347939e-09,,3.332629887060581,0.0003458281133110752,0.0,3.3322840589472698,d0.22_a0.4_nu0.0,0.029493231998152677,0.0018405843926387051,4.602597771549166e-09,,,
4,0.4,0.0518288934880538,positive,-0.0037561316258714365,False,0.22,True,1.0667990046897557e-08,,3.2829682392126,0.0002894554174415198,0.5,3.2826787837951583,d0.22_a0.4_nu0.5,0.024819065516064474,0.001548353204117223,6.919639533316878e-09,,,
4,0.4,0.07796697345845642,positive,-0.011971316889473808,False,0.22,True,8.214925184546473e-09,,3.1925595624158305,0.00020722473053780277,1.0,3.1923523376852927,d0.22_a0.4_nu1.0,0.01774121144465144,0.0011059041120284323,5.327967460821373e-09,,,
4,0.4,0.19339563870061183,positive,-0.16295615177216946,False,0.22,True,6.234810889793607e-09,,3.0369479450323063,9.744486601359625e-05,1.5,3.0368505001662927,d0.22_a0.4_nu1.5,0.008170825439475553,0.0005073635482619563,4.041818105655744e-09,,,
0,0.4,,unresolved,,False,0.22,False,,no compact onset root before extremality bound mu_max=2.729914,,,2.0,,d0.22_a0.4_nu2.0,,,,extremality_limited_no_linear_onset,no_linear_onset_before_extremality_bound,2.729914
4,0.8,0.03744145283731312,positive,-0.002025796882446886,False,0.22,True,2.753768768570808e-09,,3.1923147394742184,0.000413587147316985,0.0,3.1919011523269014,d0.22_a0.8_nu0.0,0.036365191402113126,0.0022686459003566704,1.7861913033933658e-09,,,
4,0.8,0.05436876519385771,positive,-0.005542523886266233,False,0.22,True,7.487515052417848e-09,,3.1361138786574254,0.0003113062382285037,0.5,3.135802572419197,d0.22_a0.8_nu0.5,0.02767790979564443,0.001725322091368774,4.856193131363847e-09,,,
4,0.8,0.10687345218650537,positive,-0.03602834754171795,False,0.22,True,2.1393207205733233e-09,,3.0295513419648996,0.0001847486151715927,1.0,3.029366593349728,d0.22_a0.8_nu1.0,0.01645813197367537,0.001023401151164616,1.3870861363648228e-09,,,
7,0.8,0.9091371818101762,positive,-20.598321084643608,False,0.22,True,1.1943280142645563e-08,,2.8188701392997078,3.227639487679568e-05,1.5,2.818837862904831,d0.22_a0.8_nu1.5,0.0006882638165298809,1.6920525692638673e-06,7.621928021750349e-09,dense_neighbor_seed_repair,,
0,0.8,,unresolved,,False,0.22,False,,no compact onset root before extremality bound mu_max=2.405677,,,2.0,,d0.22_a0.8_nu2.0,,,,extremality_limited_no_linear_onset,no_linear_onset_before_extremality_bound,2.405677
4,1.2,0.031274903581723884,positive,-0.0016612875588374843,False,0.22,True,4.83444839716185e-10,,2.8915371665940537,0.0005123609199566559,0.0,2.891024805674097,d0.22_a1.2_nu0.0,0.048843773772062456,0.0030459591966473347,3.135641354713777e-10,,,
4,1.2,0.049123464633777196,positive,-0.005377265734449321,False,0.22,True,2.5238700018803684e-10,,2.8747626879140777,0.00037350999869101287,0.5,2.8743891779153867,d0.22_a1.2_nu0.5,0.036077415711400676,0.0022471515190498454,1.6367615642094074e-10,,,
4,1.2,0.11181903116448552,positive,-0.04728286753472608,False,0.22,True,1.2657941805827022e-08,,2.8042857277490576,0.00020847143724145312,1.0,2.804077256311816,d0.22_a1.2_nu1.0,0.020140502289190995,0.0012493248818811265,8.204695047926342e-09,,,
7,1.2,4.845032531019754,positive,-2224.1058138607873,False,0.22,True,1.5035996452361644e-06,,2.5910659392196136,1.2132178719426179e-05,1.5,2.591053807040894,d0.22_a1.2_nu1.5,0.0002508583979612607,5.316881058339709e-07,1.026725237712408e-06,dense_neighbor_seed_repair,,
0,1.2,,unresolved,,False,0.22,False,,no compact onset root before extremality bound mu_max=2.128117,,,2.0,,d0.22_a1.2_nu2.0,,,,extremality_limited_no_linear_onset,no_linear_onset_before_extremality_bound,2.128117
4,1.6,0.024792784628737675,positive,-0.0012775676726154222,False,0.22,True,4.684206356131426e-09,,2.273600342124008,0.0005762374240778634,0.0,2.27302410469993,d0.22_a1.6_nu0.0,0.06842472912730305,0.004264669618287969,3.037989819115515e-09,,,
4,1.6,0.038277408693556884,positive,-0.0038514859710061565,False,0.22,True,2.446312041826104e-09,,2.358805924861916,0.0004423835659523867,0.5,2.358363541295964,d0.22_a1.6_nu0.5,0.05318095212893376,0.003309660087689079,1.5862937434120346e-09,,,
7,1.6,25.7686489680471,positive,-55847.76148488583,False,0.22,True,3.785469899764138e-06,,2.841815657282017,8.860704549640275e-06,1.0,2.841806796577467,d0.22_a1.6_nu1.0,7.2749634241761e-05,1.4238768913260491e-07,2.6724280833205485e-06,dense_neighbor_seed_repair,,
7,1.6,0.9781963178308801,positive,-18.107056139260653,False,0.22,True,6.676887265300024e-08,,2.353705904421888,5.670842760485684e-05,1.5,2.3536491959942833,d0.22_a1.6_nu1.5,0.0014874150190602594,3.6126866747656995e-06,4.439587823372962e-08,dense_neighbor_seed_repair,,
0,1.6,,unresolved,,False,0.22,False,,no compact onset root before extremality bound mu_max=1.892329,,,2.0,,d0.22_a1.6_nu2.0,,,,extremality_limited_no_linear_onset,no_linear_onset_before_extremality_bound,1.892329
4,0.0,0.059252090296056124,positive,-0.004262341180790093,False,0.25,True,1.9290622432777127e-09,,3.276595800795984,0.00022860556501713702,0.0,3.276367195230967,d0.25_a0.0_nu0.0,0.02028082371815656,0.001265592198011425,1.251302176815742e-09,,,
4,0.0,0.0636704832547032,positive,-0.005114812784399789,False,0.25,True,5.000512448560812e-09,,3.2571270562757992,0.00021437055198125776,0.5,3.256912685723818,d0.25_a0.0_nu0.5,0.018976054719602228,0.0011841053518428107,3.243603035757451e-09,,,
4,0.0,0.08185812632177464,positive,-0.00936783654400139,False,0.25,True,5.317679629968097e-10,,3.194653153757673,0.00017120634567691084,1.0,3.194481947411996,d0.25_a0.0_nu1.0,0.015023614042543985,0.0009372740851151113,3.449253914090936e-10,,,
4,0.0,0.1536056504480501,positive,-0.04544049212832885,False,0.25,True,7.447011896033473e-10,,3.072356910124452,9.718577567952025e-05,1.5,3.0722597243487724,d0.25_a0.0_nu1.5,0.008311319339870338,0.0005181391955941405,4.829981422847153e-10,,,
0,0.0,,unresolved,,False,0.25,False,,no compact onset root before extremality bound mu_max=2.828427,,,2.0,,d0.25_a0.0_nu2.0,,,,extremality_limited_no_linear_onset,no_linear_onset_before_extremality_bound,2.828427
4,0.4,0.055988292357916775,positive,-0.004392700864543329,False,0.25,True,7.079097308348992e-10,,3.2424508332789133,0.0002531688760005757,0.0,3.2421976644029127,d0.25_a0.4_nu0.0,0.022560232358558432,0.001407506653435009,4.5917910273013844e-10,,,
4,0.4,0.0769014022114594,positive,-0.010878058627271762,False,0.25,True,2.0753088136871156e-10,,3.1791494215631237,0.00019499384020083,0.5,3.178954427722923,d0.25_a0.4_nu0.5,0.01751649291683358,0.001092125396067636,1.346024365819765e-10,,,
4,0.4,0.1513268136503166,positive,-0.0765719517333368,False,0.25,True,8.255032213355662e-10,,3.06050357291648,0.00011016183773460142,1.0,3.060393411078745,d0.25_a0.4_nu1.0,0.009898213772753994,0.0006157122727355017,5.352612015017803e-10,,,
0,0.4,,unresolved,,False,0.25,False,,no compact onset root before extremality bound mu_max=2.836877,,,1.5,,d0.25_a0.4_nu1.5,,,,extremality_limited_no_linear_onset,no_linear_onset_before_extremality_bound,2.836877
0,0.4,,unresolved,,False,0.25,False,,no compact onset root before extremality bound mu_max=2.456571,,,2.0,,d0.25_a0.4_nu2.0,,,,extremality_limited_no_linear_onset,no_linear_onset_before_extremality_bound,2.456571
4,0.8,0.04747324574505906,positive,-0.0037776153847249787,False,0.25,True,6.872734381602186e-09,,3.120843391687797,0.0003273680483255603,0.0,3.1205160236394716,d0.25_a0.8_nu0.0,0.02981781935121484,0.001859493470458409,4.457692429802903e-09,,,
4,0.8,0.07905495109253549,positive,-0.015707837945852378,False,0.25,True,5.128166780110632e-09,,3.04383028343323,0.00022014570056771987,0.5,3.0436101377326623,d0.25_a0.8_nu0.5,0.020365028572061857,0.0012681535063092048,3.3255627028401642e-09,,,
4,0.8,0.2453845543925138,positive,-0.38666329170051816,False,0.25,True,2.3830667217339396e-08,,2.894873606391981,8.891689595458274e-05,1.0,2.8947846894960265,d0.25_a0.8_nu1.0,0.008282870623844972,0.0005113548038505555,1.543796687512213e-08,,,
0,0.8,,unresolved,,False,0.25,False,,no compact onset root before extremality bound mu_max=2.579623,,,1.5,,d0.25_a0.8_nu1.5,,,,extremality_limited_no_linear_onset,no_linear_onset_before_extremality_bound,2.579623
0,0.8,,unresolved,,False,0.25,False,,no compact onset root before extremality bound mu_max=2.139388,,,2.0,,d0.25_a0.8_nu2.0,,,,extremality_limited_no_linear_onset,no_linear_onset_before_extremality_bound,2.139388
4,1.2,0.03680682329594466,positive,-0.002564358213964453,False,0.25,True,9.182700821952494e-09,,2.84626467901304,0.00044316563940949294,0.0,2.8458215133736307,d0.25_a1.2_nu0.0,0.04326569939171836,0.0026971629741678244,5.955687784955528e-09,,,
4,1.2,0.06553485868838381,positive,-0.011610326593053631,False,0.25,True,2.9244398014327544e-09,,2.808286684909104,0.0002937460893659427,0.5,2.807992938819738,d0.25_a1.2_nu0.5,0.029159767043698926,0.0018143488668409939,1.896282797093155e-09,,,
4,1.2,0.23149938124929703,positive,-0.34341662717315663,False,0.25,True,4.1156640318007476e-08,,2.692664017551932,0.0001170603613229737,1.0,2.692546957190609,d0.25_a1.2_nu1.0,0.011628195899141911,0.0007152272449964921,2.6650449813532756e-08,,,
0,1.2,,unresolved,,False,0.25,False,,no compact onset root before extremality bound mu_max=2.349615,,,1.5,,d0.25_a1.2_nu1.5,,,,extremality_limited_no_linear_onset,no_linear_onset_before_extremality_bound,2.349615
0,1.2,,unresolved,,False,0.25,False,,no compact onset root before extremality bound mu_max=1.872458,,,2.0,,d0.25_a1.2_nu2.0,,,,extremality_limited_no_linear_onset,no_linear_onset_before_extremality_bound,1.872458
7,1.6,0.19940649722810172,positive,-0.27003157858585086,False,0.25,True,5.38525979365545e-09,,3.358991645803969,0.00047304359562883036,0.0,3.35851860220834,d0.25_a1.6_nu0.0,0.004533343497003942,1.126405305956915e-05,3.1534868963821174e-09,dense_neighbor_seed_repair,,
4,1.6,0.04540818480668642,positive,-0.0060176042870148,False,0.25,True,4.1800989336593375e-09,,2.327126816542815,0.0003917233125552144,0.5,2.3267350932302597,d0.25_a1.6_nu0.5,0.04773210020427382,0.0029682350933830483,2.710296977752679e-09,,,
4,1.6,0.12434348710444487,positive,-0.07718003458482631,False,0.25,True,3.225973133069715e-08,,2.349756207830061,0.00020725133987387068,1.0,2.349548956490187,d0.25_a1.6_nu1.0,0.025133950296286133,0.0015503569280076255,2.0896328785651572e-08,,,
0,1.6,,unresolved,,False,0.25,False,,no compact onset root before extremality bound mu_max=2.145146,,,1.5,,d0.25_a1.6_nu1.5,,,,extremality_limited_no_linear_onset,no_linear_onset_before_extremality_bound,2.145146
0,1.6,,unresolved,,False,0.25,False,,no compact onset root before extremality bound mu_max=1.649615,,,2.0,,d0.25_a1.6_nu2.0,,,,extremality_limited_no_linear_onset,no_linear_onset_before_extremality_bound,1.649615
4,0.0,0.12681114844530236,positive,-0.025850776350561978,False,0.3,True,2.6831692423456843e-10,,3.1063887851603957,0.00010325265109090154,0.0,3.106285532509305,d0.30_a0.0_nu0.0,0.01004170914237394,0.0006262339091753958,1.7403133728665984e-10,,,
4,0.0,0.1494210287068712,positive,-0.03895774485230282,False,0.3,True,7.501124166253703e-10,,3.0783391439654806,8.865008239355987e-05,0.5,3.078250493883087,d0.30_a0.0_nu0.5,0.008606872105673263,0.0005366534642301049,4.865168431655489e-10,,,
7,0.0,0.30544154524948647,positive,-0.19385911416546414,False,0.3,True,7.568740745256264e-09,,2.984755798657804,4.535616109269114e-05,1.0,2.9847104424967115,d0.30_a0.0_nu1.0,0.001087182171066396,2.715460353475972e-06,4.2806001956920164e-09,dense_neighbor_seed_repair,,
0,0.0,,unresolved,,False,0.3,False,,no compact onset root before extremality bound mu_max=2.783882,,,1.5,,d0.30_a0.0_nu1.5,,,,extremality_limited_no_linear_onset,no_linear_onset_before_extremality_bound,2.783882
0,0.0,,unresolved,,False,0.3,False,,no compact onset root before extremality bound mu_max=2.449490,,,2.0,,d0.30_a0.0_nu2.0,,,,extremality_limited_no_linear_onset,no_linear_onset_before_extremality_bound,2.44949
4,0.4,0.10948811482832072,positive,-0.025239501731915887,False,0.3,True,9.417759905261391e-10,,3.084703296599486,0.00012711829553868625,0.0,3.0845761783039474,d0.30_a0.4_nu0.0,0.012330318776264029,0.0007685186583068748,6.107991218463034e-10,,,
7,0.4,0.2144996004335989,positive,-0.1469936686412742,False,0.3,True,5.649584000622099e-08,,2.99277946124273,7.074388278427435e-05,0.5,2.9927087173599456,d0.30_a0.4_nu0.5,0.0017383944931061135,4.339132122657355e-06,2.671383350046932e-08,dense_neighbor_seed_repair,,
0,0.4,,unresolved,,False,0.3,False,,no compact onset root before extremality bound mu_max=2.806659,,,1.0,,d0.30_a0.4_nu1.0,,,,extremality_limited_no_linear_onset,no_linear_onset_before_extremality_bound,2.806659
0,0.4,,unresolved,,False,0.3,False,,no compact onset root before extremality bound mu_max=2.500000,,,1.5,,d0.30_a0.4_nu1.5,,,,extremality_limited_no_linear_onset,no_linear_onset_before_extremality_bound,2.5
0,0.4,,unresolved,,False,0.3,False,,no compact onset root before extremality bound mu_max=2.081935,,,2.0,,d0.30_a0.4_nu2.0,,,,extremality_limited_no_linear_onset,no_linear_onset_before_extremality_bound,2.081935
4,0.8,0.07701760168447601,positive,-0.01414341993857108,False,0.3,True,1.1898442231483841e-09,,2.9970071671436926,0.00020424417658615468,0.0,2.9968029229671065,d0.30_a0.8_nu0.0,0.019872000307714726,0.0012378970845980937,7.71635049580263e-10,,,
7,0.8,0.1957532319432093,positive,-0.13116589056303704,False,0.3,True,1.9145991148050712e-07,,2.8774079836128066,9.533446516263311e-05,0.5,2.877312649147644,d0.30_a0.8_nu0.5,0.0023698946289137084,5.91021967497078e-06,9.025212112214624e-08,dense_neighbor_seed_repair,,
0,0.8,,unresolved,,False,0.3,False,,no compact onset root before extremality bound mu_max=2.626549,,,1.0,,d0.30_a0.8_nu1.0,,,,extremality_limited_no_linear_onset,no_linear_onset_before_extremality_bound,2.626549
0,0.8,,unresolved,,False,0.3,False,,no compact onset root before extremality bound mu_max=2.247806,,,1.5,,d0.30_a0.8_nu1.5,,,,extremality_limited_no_linear_onset,no_linear_onset_before_extremality_bound,2.247806
0,0.8,,unresolved,,False,0.3,False,,no compact onset root before extremality bound mu_max=1.776820,,,2.0,,d0.30_a0.8_nu2.0,,,,extremality_limited_no_linear_onset,no_linear_onset_before_extremality_bound,1.77682
4,1.2,0.04981156606408161,positive,-0.005765882705421937,False,0.3,True,2.7734783358823734e-09,,2.7688313364160715,0.0003386795829412037,0.0,2.7684926568331303,d0.30_a1.2_nu0.0,0.034504441466090933,0.0021492455109089295,1.7986351434366351e-09,,,
7,1.2,0.12047290287150228,positive,-0.05206489358797313,False,0.3,True,3.05779987996857e-08,,2.6895604885776025,0.00017670796969859737,0.5,2.689383780607904,d0.30_a1.2_nu0.5,0.0045879932392958655,1.1445086702046972e-05,1.60582687522065e-08,dense_neighbor_seed_repair,,
0,1.2,,unresolved,,False,0.3,False,,no compact onset root before extremality bound mu_max=2.459412,,,1.0,,d0.30_a1.2_nu1.0,,,,extremality_limited_no_linear_onset,no_linear_onset_before_extremality_bound,2.459412
0,1.2,,unresolved,,False,0.3,False,,no compact onset root before extremality bound mu_max=2.025748,,,1.5,,d0.30_a1.2_nu1.5,,,,extremality_limited_no_linear_onset,no_linear_onset_before_extremality_bound,2.025748
0,1.2,,unresolved,,False,0.3,False,,no compact onset root before extremality bound mu_max=1.527636,,,2.0,,d0.30_a1.2_nu2.0,,,,extremality_limited_no_linear_onset,no_linear_onset_before_extremality_bound,1.527636
4,1.6,0.03150835372910709,positive,-0.002452216012955772,False,0.3,True,7.402256585464784e-10,,2.225250726252538,0.00048158589905034077,0.0,2.2247691403534877,d0.30_a1.6_nu0.0,0.059032755289336596,0.003676445851885895,4.800357983033386e-10,,,
7,1.6,12.520872123944297,positive,-11399.90803266372,False,0.3,True,1.5892577320819612e-06,,2.7451611273375502,9.524339006805604e-06,0.5,2.7451516029985434,d0.30_a1.6_nu0.5,0.00012346620756306873,2.6390857979757233e-07,1.0798070174054306e-06,dense_neighbor_seed_repair,,
4,1.6,0.3597512020394168,positive,-1.1792538707335365,False,0.3,True,4.1157340024966516e-07,,2.2307363475370785,0.00010038273663237618,1.0,2.230635964800446,d0.30_a1.6_nu1.0,0.012291607610704192,0.0007398614104798611,2.6586391941656196e-07,,,
0,1.6,,unresolved,,False,0.3,False,,no compact onset root before extremality bound mu_max=1.831501,,,1.5,,d0.30_a1.6_nu1.5,,,,extremality_limited_no_linear_onset,no_linear_onset_before_extremality_bound,1.831501
0,1.6,,unresolved,,False,0.3,False,,no compact onset root before extremality bound mu_max=1.325748,,,2.0,,d0.30_a1.6_nu2.0,,,,extremality_limited_no_linear_onset,no_linear_onset_before_extremality_bound,1.325748
